rank,lemma,translation_original,translation_old_latest_pass,translation_new,latest_pass,passes_touched
2,que,that; which;who;than,that; which;who;than,that; which; who; than,4,4
9,es,he is;she is;it is (identity/essence/origin/time),he is;she is;it is (identity/essence/origin/time),he is; she is; it is (identity/essence/origin/time),4,4
26,está,he is;she is; it is (state/location/result),he is;she is; it is (state/location/result),he is; she is; it is (state/location/result),4,4
88,entonces,then; next; thereupon; at that time,then; next; thereupon; at that time,then; so; at that time,3,3
101,años,year (masculine plural),year (masculine plural),years,2,2
102,hace,ago (Note,ago (Note,ago; makes; does,1,1
129,cosas,thing (plural),thing (plural),things,2,2
146,sea,I be;you be;he be;she be;it be;you be(formal) (present subjunctive; identity/essence/origin/time),I be;you be;he be;she be;it be;you be(formal) (present subjunctive; identity/essence/origin/time),I be; you be; he be; she be; it be; you be (formal) (present subjunctive; identity/essence/origin/time),4,4
149,parece,you seem,you seem,seems; appears,5,5
163,momento,moment; instant,moment; instant,moment,7,7
166,mira,target,target,look; look at; he/she looks,1,1
167,quiere,you want,you want,wants; you want (formal),2,2
185,días,day (plural),day (plural),days,2,2
192,sabe,you know,you know,knows,5,5
199,debe,you owe,you owe,must; should; owes,2,2
200,espera,wait,wait,wait; expectation; hope,7,7
222,dije,adorns; locket,adorns; locket,I said,1,1
226,gusta,you taste,likes; pleases,likes; is pleasing to,2,1|2
234,hemos,heme (masculine plural),heme (masculine plural),we have (auxiliary/existence),1,1
235,cuenta,count; tally,count; tally,account; bill; count,7,7
239,otros,other; another (masculine plural),other; another (masculine plural),others; other (masculine plural),8,8
246,primera,first gear,first gear,first,1,1
253,idea,he devises; she devises; it devises,he devises; she devises; it devises,idea,1,1
262,importa,you matter,you matter,matters; is important,1,1
264,personas,person (plural),person (plural),people,2,2
265,policía,polity; police; Civility; public order,polity; police; Civility; public order,police officer; police,1,1
268,cualquier,anyone; whoever; whomever,anyone; whoever; whomever,any; any kind of,1,1
270,ven,they see (affirmative imperative tú),they see (affirmative imperative tú),come (imperative); they see,1,1
271,serio,sober; solemn; serious; earnest,sober; solemn; serious; earnest,serious,3,3
274,nueva,news; novelty,news; novelty,new (feminine singular),1,1
279,hombres,man (plural),man (plural),men,2,2
284,debería,I would owe,I would owe,should; would have to,2,2
288,muchas,much; a lot of (feminine plural),much; a lot of (feminine plural),many; a lot of (feminine plural),8,8
291,amigos,friend (masculine plural),friend (masculine plural),friends,2,2
292,chica,female equivalent of chico: girl (feminine singular),female equivalent of chico: girl (feminine singular),girl,2,2
295,chicos,small (masculine plural),small (masculine plural),boys; guys,2,2
310,importante,important; that cares; that matters,important; that cares; that matters,important,1,1
313,horas,hour (plural),hour (plural),hours,2,2
320,problemas,issue; problem; challenge (plural),issue; problem; challenge (plural),problems; issues; challenges,2,2
327,da,you give,you give,gives,1,1
334,ojos,eye (masculine plural),eye (masculine plural),eyes,2,2
337,general,overall,general; overall,general; overall; common,8,1|8
339,debo,I owe,I owe,I must; I should; I owe,2,2
340,minutos,minute (masculine plural),minute (masculine plural),minutes,2,2
343,manos,hand (masculine plural),hand (masculine plural),hands,2,2
346,muchos,much; a lot of (masculine plural),much; a lot of (masculine plural),many; a lot of (masculine plural),8,8
347,chico,small,small,boy; guy; small,2,2
350,incluso,enclosed; included,enclosed; included,even; including,1,1
362,significa,you signify,you signify,means,1,1
363,jefe,head; chief; president; leader of a business,head; chief; president; leader of a business,boss; chief,7,7
366,otras,other; another (feminine plural),other; another (feminine plural),others; other (feminine plural),8,8
370,mujeres,woman (plural),woman (plural),women,2,2
377,hija,daughter; female equivalent of hijo,daughter; female equivalent of hijo,daughter,2,2
388,deja,rest,rest,leaves; lets,1,1
403,meses,month (plural),month (plural),months,2,2
404,sigue,you follow,you follow,continues; follows,1,1
415,gustaría,I would taste,I would like,would like,2,1|2
420,sentido,heartfelt; deeply felt,heartfelt; deeply felt,sense; meaning,1,1
425,clase,lecture,lecture,class,7,7
428,juego,play,play,game; play,7,7
439,trata,trade; trafficking; slave trade,trade; trafficking; slave trade,deals with; is about; tries,1,1
442,frente,brow; forehead,brow; forehead,front; forehead,3,3
445,llama,flame,flame,calls; flame; llama,1,1
447,toma,taking; capture; conquest; takeover,taking; capture; conquest; takeover,take; taking,3,3
448,necesita,you need,you need,needs,5,5
449,debes,you owe,you owe,you must; you should,2,2
461,escucha,listening,listening,listens; listen,1,1
464,hijos,son (masculine plural),son (masculine plural),sons; children,2,2
470,cree,he creates; she creates; it creates,he creates; she creates; it creates,believes; thinks,2,2
471,cambio,shift; change,shift; change,change,7,7
473,oportunidad,timeliness,timeliness,opportunity,1,1
476,embargo,distraint,distraint,embargo; seizure; however (in sin embargo),2,2
481,habla,speech,speech,speech; speaks,7,7
485,debemos,we owe,we owe,we must; we should,2,2
486,pregunta,question,question,question; asks,7,7
495,padres,father (plural),father (plural),parents; fathers,2,2
505,dólares,dollar (plural),dollar (plural),dollars,2,2
507,hermana,sister; female equivalent of hermano,sister; female equivalent of hermano,sister,2,2
509,dado,a die or dice,a die or dice,given,1,1
513,queda,curfew,curfew,remains; stays,1,1
517,deberías,you would owe,you would owe,you should,2,2
518,sola,one; sole; only; single (feminine singular),one; sole; only; single (feminine singular),alone; on her own,8,8
521,partido,broken,broken,party; match; split,2,2
527,necesitamos,we needed,we needed,we need,1,1
537,haga,I do,I do,do; make (subjunctive/formal imperative),1,1
538,puesto,job; position; employment,job; position; employment,job; position; post,8,8
543,política,politics (feminine singular),politics (feminine singular),politics; policy,8,8
549,plan,scheme,scheme,plan,3,3
551,palabras,word (plural),word (plural),words,2,2
555,chicas,small (feminine plural),small (feminine plural),girls,2,2
561,acerca,he brings close; she brings close; it brings close,he brings close; she brings close; it brings close,about; near,1,1
570,recuerdo,memory,memory,memory; remembrance; I remember,7,7
576,lleva,you take,you take,carries; wears; takes,1,1
580,amo,master,master,I love,7,7
588,peor,comparative degree of malo: worse,comparative degree of malo: worse,worse,2,2
595,oído,hearing,hearing,ear; hearing,7,7
600,control,or running of a business,or running of a business,control,1,1
605,llamado,call,call,called; named,2,2
606,viaje,voyage,voyage,trip; journey,7,7
608,cuarto,fourth,fourth,room; fourth,7,7
616,prueba,proof; evidence,proof; evidence,test; proof; tries,7,7
618,campo,country; countryside,country; countryside,field; countryside,7,7
619,deben,they owe,they owe,must; should; owe,2,2
620,di,I gave (completed past),I gave (completed past),say (imperative); I gave,1,1
623,piensa,you think,you think,thinks,1,1
624,semanas,week (plural),week (plural),weeks,2,2
630,san,holy; godly,holy; godly,Saint,2,2
632,estados,land; country (masculine plural),land; country (masculine plural),states,6,6
633,niña,girl; female equivalent of niño,girl; female equivalent of niño,girl,2,2
634,vista,sight; vision; eyesight,sight; vision; eyesight,view; sight,7,7
637,llamar,to summon,to summon,to call; to name,2,2
645,personal,staff; personnel,staff; personnel,staff; personnel; personal,3,3
646,café,brown,brown,coffee; café,1,1
650,director,conductor,director; manager,director; manager; principal,7,2|7
653,pienso,animal feed,animal feed,I think,1,1
655,acaba,you finish,you finish,finishes; ends; just did,1,1
657,diga,way to say hello on the telephone,way to say hello on the telephone,say; tell (subjunctive/formal imperative),1,1
659,vuelve,you return,you return,returns; comes back,5,5
664,idiota,idiotic,idiotic,idiot,1,1
669,obra,work,work,work; play,7,7
670,asunto,issue; matter; business,issue; matter; business,matter; issue; business,7,7
676,preguntas,question (plural),question (plural),questions,3,3
692,sueño,sleep; slumber,sleep; slumber,sleep; dream,3,3
703,noticias,notice (plural),notice (plural),news,1,1
722,aquel,that; that one over there,that; that one over there,that,5,5
736,suena,you sound,you sound,sounds,1,1
741,trato,treatment,treatment,deal; treatment,7,7
754,tema,plot; theme,plot; theme,topic; theme,2,2
757,sucede,you happen,you happen,happens,1,1
761,siente,he seats; she seats; it seats,he seats; she seats; it seats,feels; is sorry,1,1
768,ocurre,you happen,you happen,happens; occurs,5,5
770,maría,magpie,magpie,María,1,1
779,encuentra,you meet,you meet,finds; meets,5,5
783,existe,you exist,you exist,exists,1,1
790,duda,doubt,doubt,doubt; question,7,7
791,vuelto,change,change,returned; come back,1,1
792,partes,genitalia (plural),genitalia (plural),parts,3,3
800,acabo,synonym of acabamiento,synonym of acabamiento,I just finished; I end,1,1
812,conoce,you know,you know,knows; meets,1,1
813,recuerda,you remember,you remember,remembers,5,5
816,vive,he applauds; she applauds; it applauds,he applauds; she applauds; it applauds,lives,1,1
825,casos,case (masculine plural),case (masculine plural),cases,2,2
828,países,country (plural),country (plural),countries,6,6
833,cámara,room,room,camera; chamber,1,1
841,pruebas,proof; evidence (plural),proof; evidence (plural),tests; proofs; evidence,2,2
848,baja,loss; casualty,loss; casualty,low; drop; casualty,1,1
853,profesor,professor,professor,teacher; professor,11,11
861,haz,do (imperative),do (imperative),do; make (imperative),1,1
862,aquella,that; that one over there,that; that one over there,that,5,5
864,quiera,he desires; she desires; it desires,he desires; she desires; it desires,wants; want (subjunctive),1,1
872,cualquiera,anyone; whoever; whomever,anyone; whoever; whomever,anyone; any; whatever,3,3
878,funciona,you work,you work,works,1,1
888,encanta,you charm,you charm,loves; delights,2,2
889,formas,form; shape; figure (plural),form; shape; figure (plural),forms; ways,6,6
892,adónde,whither; whereto; to where,whither; whereto; to where,where; to where,3,3
895,debido,owed,owed,due; because of; owed,2,2
896,loca,a madwoman; female equivalent of loco,a madwoman; female equivalent of loco,crazy; mad,2,2
898,llega,you arrive,you arrive,arrives,5,5
900,alta,certificate of discharge,certificate of discharge,high; tall,1,1
902,tipos,kind; type; sort; manner (masculine plural),kind; type; sort; manner (masculine plural),kinds; types,6,6
909,placer,to like,to like,pleasure,2,2
912,radio,radius,radio,radio; radio set,7,1|7
913,busca,search,search,looks for; searches for,1,1
920,llamo,I summon,I summon,I call; my name is,1,1
922,entra,you enter,you enter,enters,5,5
926,corte,cut,cut,court; cut,7,7
930,muchacho,boy,boy,boy; young man,2,2
932,peligro,peril; danger,peril; danger,danger,3,3
936,sale,ok,ok,leaves; goes out; turns out,1,1
939,hablas,speech (plural),speech (plural),you speak,7,7
943,pies,foot (plural),foot (plural),feet,2,2
949,entendido,expert,expert,understood,1,1
952,maestro,master,master,teacher; master,7,7
960,caballeros,horseman (masculine plural),horseman (masculine plural),gentlemen,3,3
965,negocios,business; enterprise (masculine plural),business; enterprise (masculine plural),businesses,6,6
966,simple,mere; ordinary,mere; ordinary,simple,1,1
967,eras,age (plural),age (plural),you were,1,1
971,abuela,grandmother; female equivalent of abuelo,grandmother; female equivalent of abuelo,grandmother,2,2
975,llamó,he summoned; she summoned; it summoned (completed past),he summoned; she summoned; it summoned (completed past),called,2,2
977,rato,bit; a while,bit; a while,while; a little while,4,4
978,gustan,they taste,they taste,like; are pleasing to,2,2
982,puntos,point (masculine plural),point (masculine plural),points,6,6
983,relaciones,relation,relation,relations; relationships,6,6
985,aquellos,those over there,those over there,those,5,5
989,condiciones,condition,condition,conditions,6,6
990,muchachos,boy (masculine plural),boy (masculine plural),boys; young men,2,2
997,fuerzas,force (plural),force (plural),forces,6,6
999,fotos,photo; photograph (masculine plural),photo; photograph (masculine plural),photos; photographs,2,2
1004,ninguno,no; none,no; none,none; no one; neither,1,1
1009,tiempos,time (masculine plural),time (masculine plural),times,6,6
1016,libros,book (masculine plural),book (masculine plural),books,2,2
1034,resulta,you result,you result,it turns out; results,1,1
1040,central,headquarter,headquarter,central; main,8,8
1047,miembros,member (masculine plural),member (masculine plural),members,2,2
1048,llevó,he tooked; she tooked; it tooked (completed past),he/she took; carried,took; carried; wore,5,1|5
1051,abre,you open,you open,opens,5,5
1053,muestra,sample; sampling,sample; sampling,sample; display; shows,7,7
1060,tía,uncle (feminine singular),uncle (feminine singular),aunt,1,1
1063,resultados,result; upshot; outcome; finding (masculine plural),result; upshot; outcome; finding (masculine plural),results; outcomes; findings,2,2
1069,misión,quest; mission,quest; mission,mission,3,3
1070,carajo,cock,cock,fuck; hell,5,5
1078,anda,a bier or small platform,a bier or small platform,come on; go on; walk,1,1
1079,santa,saintess; female equivalent of santo,saintess; female equivalent of santo,saint; holy,2,2
1082,militar,to participate actively in a political organization,to participate actively in a political organization,military; soldier,6,6
1083,navidad,Christmas present,Christmas present,Christmas,1,1
1085,drogas,drug (plural),drug (plural),drugs,6,6
1089,metros,meter (masculine plural),meter (masculine plural),metres; meters,6,6
1097,debía,I owed; he owed; she owed; it owed (ongoing habitual/background past),I owed; he owed; she owed; it owed (ongoing habitual/background past),had to; was supposed to; owed,2,2
1102,segundos,second (masculine plural),second (masculine plural),seconds,6,6
1103,temo,I have an obsession,I have an obsession,I fear,1,1
1113,medios,media; mass media as a whole (masculine plural),media; mass media as a whole (masculine plural),means; media,3,3
1115,juro,ownership,ownership,I swear,1,1
1119,servicios,service (masculine plural),service (masculine plural),services,6,6
1120,parís,you give birth (vosotros present indicative),you give birth (vosotros present indicative),Paris,1,1
1121,anterior,former; earlier; previous,former; earlier; previous,previous,6,6
1122,momentos,moment; instant (masculine plural),moment; instant (masculine plural),moments,6,6
1125,vidas,life (plural),life (plural),lives,6,6
1127,bar,pub; café; coffee shop,pub; café; coffee shop,bar; pub,3,3
1129,trabaja,you work,you work,works,5,5
1131,permite,you allow,you allow,allows; permits,5,5
1134,animales,you inspire,you inspire,animals,1,1
1137,pocos,little; not much (masculine plural),little; not much (masculine plural),few; not many (masculine plural),8,8
1145,flores,flower (plural),flower (plural),flowers,2,2
1149,vayas,expresses surprise (plural),expresses surprise (plural),you go (subjunctive),1,1
1152,visita,visit,visit,visit; visitor,7,7
1172,tuya,thuja,thuja,yours,1,1
1176,derechos,straight (masculine plural),straight (masculine plural),rights,6,6
1177,ideas,you devise,you devise,ideas,1,1
1182,hechos,done; completed (masculine plural),done; completed (masculine plural),facts; deeds; events,2,2
1185,blanca,minim; half note,minim; half note,white (feminine singular),1,1
1190,hermanos,brother (masculine plural),brother (masculine plural),brothers; siblings,2,2
1192,santo,holy; godly,holy; godly,saint; holy,2,2
1193,dale,OK; right; okey dokey,OK; right; okey dokey,come on; go ahead; give it to him/her,1,1
1201,disculpa,excuse,excuse,excuse me; sorry,1,1
1208,obras,work (plural),works,works; plays,7,6|7
1210,medida,gauge; measure; measurement,gauge; measure; measurement,measure; measurement,8,8
1212,alegro,I make happy,I make happy,I make happy; I'm glad (in me alegro),1,1
1213,deje,accent,accent,leave; let (subjunctive/formal imperative),1,1
1215,trae,you bring,you bring,brings,5,5
1216,nota,note; memo,note; memo,note; grade,7,7
1223,veras,truth; reality (plural),truth; reality (plural),you will see,1,1
1224,actual,present; current,present; current,current; present,7,7
1235,modos,way; manner (masculine plural),way; manner (masculine plural),ways,6,6
1244,tomó,he tooked; she tooked; it tooked (completed past),he/she took; drank,took; drank,5,1|5
1248,sueños,sleep; slumber (masculine plural),sleep; slumber (masculine plural),dreams,3,3
1252,crisis,fit; attack,fit; attack,crisis,1,1
1262,red,web; mesh,web; mesh,network; net; web,1,1
1266,cartas,letter (plural),letter (plural),letters; cards,6,6
1268,grupos,group (masculine plural),group (masculine plural),groups,6,6
1269,peligroso,perilous; dangerous,perilous; dangerous,dangerous,3,3
1270,vuelva,he returns; she returns; it returns,he returns; she returns; it returns,return; come back (subjunctive),1,1
1271,asuntos,issue; matter; business (masculine plural),issue; matter; business (masculine plural),matters; affairs,6,6
1272,nombres,name (plural),name (plural),names,6,6
1276,brazos,arm (masculine plural),arm (masculine plural),arms,6,6
1282,empieza,you start,you start,starts; begins,5,5
1290,ganas,wish; want; desire (plural),wish; want; desire (plural),desire; urge; eagerness,7,7
1294,popular,Pertaining to PP; a Spanish political party,Pertaining to PP; a Spanish political party,popular,1,1
1300,lee,you read,you read,reads,5,5
1307,porqué,a reason,a reason,reason; why,1,1
1310,copa,glass; stemmed glass; goblet or its content,glass; stemmed glass; goblet or its content,glass; cup,3,3
1323,española,a female Spaniard,a female Spaniard,Spanish; Spanish woman,1,1
1328,piernas,leg (plural),leg (plural),legs,6,6
1335,noticia,notice,notice,news; piece of news,8,8
1343,recursos,writ (masculine plural),writ (masculine plural),resources,1,1
1344,estudios,study (masculine plural),study (masculine plural),studies,6,6
1346,fiscal,prosecuting,prosecuting,prosecutor; tax-related; fiscal,1,1
1347,corre,you run,you run,runs,5,5
1349,soldados,soldier (masculine plural),soldier (masculine plural),soldiers,6,6
1352,zapatos,shoe (masculine plural),shoe (masculine plural),shoes,6,6
1354,acciones,act; deed; action,act; deed; action,actions,6,6
1359,razones,reason,reason,reasons,6,6
1367,cuentas,count; tally (plural),count; tally (plural),accounts; bills; you count,7,7
1378,llaman,they summon,they summon,call,2,2
1383,verme,worm,worm,to see me,1,1
1385,depende,you depend,you depend,depends,1,1
1394,enemigo,adverse; hostile,adverse; hostile,enemy,8,8
1396,luces,light (plural),light (plural),lights,6,6
1401,entiende,you understand,you understand,understands,5,5
1413,sepa,dunno; who knows,dunno; who knows,know (subjunctive/formal imperative),1,1
1418,pasada,transit; crossing,transit; crossing,past; last; passing,1,1
1421,usa,you use,you use,uses,5,5
1426,tomado,drunk,drunk,taken; drunk,1,1
1428,clases,tuition (plural),tuition (plural),classes,1,1
1429,llevaba,I tooked; he tooked; she tooked; it tooked (ongoing habitual/background past),I took; he took; she took; it took (ongoing habitual/background past),was carrying; wore,5,2|5
1430,películas,film (plural),film (plural),films; movies,6,6
1436,puertas,door (plural),door (plural),doors,6,6
1437,sentimientos,feeling (masculine plural),feeling (masculine plural),feelings,6,6
1442,preocupa,you worry,you worry,worries; concerns,5,5
1444,intenta,you try,you try,tries,5,5
1447,menudo,what,what,what a...; small; tiny,1,1
1451,calles,street (plural),street (plural),streets,6,6
1452,estrellas,star (plural),star (plural),stars,6,6
1456,repente,attack; upsurge,attack; upsurge,sudden moment (in de repente),1,1
1460,acabado,worn-out,worn-out,finished; done,1,1
1475,clientes,client (plural),client (plural),clients,6,6
1477,tercera,a third,a third,third,1,1
1480,salido,sticking out,sticking out,gone out; left,1,1
1488,dejes,accent (plural),accent (plural),leave; let (subjunctive),1,1
1490,llegue,stab; stabbing,stab; stabbing,arrive (subjunctive),1,1
1494,molesta,vexed; annoyed (feminine singular),vexed; annoyed (feminine singular),bothers; annoys,3,3
1495,matado,fugly; hideous,fugly; hideous,killed,1,1
1500,cambios,shift; change (masculine plural),shift; change (masculine plural),changes,6,6
1506,ama,lady of the house,lady of the house,he/she loves; lady of the house,8,8
1508,hayas,beech; beech tree (plural),beech; beech tree (plural),you have (present subjunctive; auxiliary/existence),1,1
1509,elecciones,election,election,elections,6,6
1512,llevas,you take,you take,you carry; you wear; you take,7,7
1515,interesa,you interest,you interest,interests,1,1
1523,cierra,you close,you close,closes,5,5
1531,alegra,you make happy,you make happy,makes happy; gladdens,1,1
1538,toca,kerchief; turban cloth,kerchief; turban cloth,touches; it's time; plays,1,1
1539,dientes,tooth (plural),tooth (plural),teeth,6,6
1540,aparece,you appear,you appear,appears,1,1
1548,papa,pope,pope,potato; Pope,7,7
1549,traído,used; worn,used; worn,brought,1,1
1553,perdona,you pardon,you pardon,forgives; excuses,5,5
1558,deberían,they would owe,they would owe,should,2,2
1562,productos,item; product; commodity (masculine plural),item; product; commodity (masculine plural),products,6,6
1564,estáis,stay,stay,you are (vosotros; state/location/result),1,1
1574,perros,dog (masculine plural),dog (masculine plural),dogs,6,6
1577,cayó,he felled; she felled; it felled (completed past),he felled; she felled; it felled (completed past),fell,1,1
1580,marca,brand,brand,brand; mark,7,7
1582,detalles,detail (plural),detail (plural),details,6,6
1586,policías,polity; police; Civility; public order (plural),polity; police; Civility; public order (plural),police officers; police,2,2
1587,dejo,accent,accent,I leave,1,1
1594,despierta,awake (feminine singular),awake (feminine singular),awake; wakes up,1,1
1610,juegos,play (masculine plural),play (masculine plural),games,6,6
1611,quedado,been,been,stayed; remained,1,1
1612,llamaré,I will summon,I will summon,I will call,1,1
1616,pido,I ask for something,I ask for something,I ask for; request,1,1
1623,escuché,I listened to (completed past),I listened to (completed past),I listened; I heard,1,1
1628,caballero,horseman,horseman,gentleman,3,3
1631,comienza,you begin,you begin,begins; starts,5,5
1636,médicos,doctor (masculine plural),doctor (masculine plural),doctors,6,6
1637,búsqueda,search,search,search; search for,7,7
1638,periódico,periodic,periodic,newspaper,1,1
1641,víctimas,victim (plural),victim (plural),victims,6,6
1642,agentes,agent (plural),agent (plural),agents,6,6
1648,clara,the white,clear; light,clear; light-colored,7,1|7
1652,imbécil,dumb,dumb,idiot,1,1
1655,tamaño,so big; so small; equivalent in size; as big or small,so big; so small; equivalent in size; as big or small,size,1,1
1658,efectos,effect (masculine plural),effect (masculine plural),effects,6,6
1659,llevado,taken,taken,taken; carried,1,1
1665,privado,privy; private,privy; private,private,2,2
1668,actividades,activity (plural),activity (plural),activities,6,6
1675,gana,desire,desire,desire; urge; wins,1,1
1681,antiguo,old; former; quondam; erstwhile,old; former; quondam; erstwhile,old; ancient; former,2,2
1682,autoridades,authority (plural),authority (plural),authorities,6,6
1687,elementos,element (masculine plural),element (masculine plural),elements,6,6
1689,medidas,gauge; measure; measurement (plural),measures,measures; steps,8,6|8
1692,recién,just,just,just; newly,1,1
1700,partidos,broken (masculine plural),broken (masculine plural),parties; matches,6,6
1701,damas,checkers; draughts (plural),ladies; checkers,ladies,8,6|7|8
1711,muere,you die,you die,dies,5,5
1712,nervioso,nerve,nerve,nervous,1,1
1713,desea,you wish,you wish,wants; wishes,5,5
1722,come,you eat,you eat,eats,1,1
1723,china,pebble; small stone (feminine singular),pebble; small stone (feminine singular),China; Chinese woman,2,2
1733,imágenes,image,image,images,6,6
1737,estudiantes,student (plural),student (plural),students,1,1
1739,debió,he owed; she owed; it owed (completed past),he owed; she owed; it owed (completed past),had to; must have,2,2
1749,huevos,guts; balls (masculine plural),guts; balls (masculine plural),eggs; balls; guts,5,5
1751,leyes,law (plural),law (plural),laws,6,6
1760,trabajos,job; work (masculine plural),job; work (masculine plural),jobs; work,6,6
1770,llamadas,call (feminine plural),calls; called,calls; called (feminine plural),4,2|4
1771,venta,sale,sale,sale; selling,7,7
1774,gustaba,I tasted; he tasted; she tasted; it tasted (ongoing habitual/background past),liked; used to like; pleased,liked; used to like; was pleasing to,2,1|2
1776,descanso,rest; break,rest; break,rest; break; sleep,5,5
1777,ocurrido,unexpected,unexpected,happened,1,1
1793,sujeto,held; grasped,held; grasped,subject,1,1
1798,caballos,horse (masculine plural),horse (masculine plural),horses,6,6
1801,pocas,little; not much (feminine plural),little; not much (feminine plural),few; not many (feminine plural),8,8
1808,cuesta,slope,slope,costs; is difficult,1,1
1817,dejas,rest (plural),rest (plural),leave; let,1,1
1818,cuerpos,body (masculine plural),body (masculine plural),bodies,6,6
1819,solos,one; sole; only; single (masculine plural),one; sole; only; single (masculine plural),alone; on their own (masculine plural),8,8
1827,termina,you finish,you finish,finishes; ends,5,5
1829,alcohol,galena,galena,alcohol,1,1
1831,materia,matter,matter,matter; subject,7,7
1834,principios,principle (masculine plural),principle (masculine plural),principles; beginnings,6,6
1842,intereses,I interest (plural),I interest (plural),interests,1,1
1850,llame,he summons; she summons; it summons,he summons; she summons; it summons,call (subjunctive/formal imperative),2,2
1851,equipos,team (masculine plural),team (masculine plural),teams,6,6
1859,plata,argent,argent,silver; money,1,1
1866,encantaría,I would charm,I would charm,I would love,1,1
1874,coño,guy; dude; bastard,guy; dude; bastard,fuck; damn,1,1
1875,presenta,you present,you present,presents; introduces,5,5
1879,salón,parlor; living room; sitting room; drawing room,living room; hall,living room; hall; lounge,7,6|7
1880,militares,to participate actively in a political organization (plural),to participate actively in a political organization (plural),military personnel; soldiers,6,6
1882,temas,plot; theme (plural),plot; theme (plural),topics; themes,3,3
1886,recuerdos,memory (masculine plural),memories,memories; souvenirs,7,6|7
1891,pasos,dried (masculine plural),dried (masculine plural),steps,6,6
1894,bebe,baby,baby,baby; he/she drinks,1,1
1895,secretos,secret (masculine plural),secret (masculine plural),secrets,6,6
1897,sube,you raise,you raise,goes up; gets on; raises,5,5
1901,envió,he sent; she sent; it sent (completed past),he sent; she sent; it sent (completed past),sent,1,1
1908,antigua,old; former; quondam; erstwhile (feminine singular),old; former; quondam; erstwhile (feminine singular),old; ancient; former,2,2
1913,pide,you ask for something,you ask for something,asks for; requests,5,5
1929,políticas,political (feminine plural),political (feminine plural),policies; political (feminine plural),8,8
1930,merece,you deserve,you deserve,deserves,1,1
1937,aquello,that; that thing over there,that; that thing over there,that,5,5
1945,detente,détente,détente,stop,1,1
1951,cambia,you change,you change,changes,5,5
1965,números,number (masculine plural),number (masculine plural),numbers,6,6
1966,disco,club; discotheque,club; discotheque,disc; record,3,3
1984,legal,statutory,statutory,legal,1,1
1985,siga,he follows; she follows; it follows,he follows; she follows; it follows,continue; follow,1,1
2001,paga,payment,payment,pays; payment,1,1
2009,federal,Amblyramphus holosericeus; the scarlet-headed blackbird,Amblyramphus holosericeus; the scarlet-headed blackbird,federal,1,1
2010,llamaba,I summoned; he summoned; she summoned; it summoned (ongoing habitual/background past),I summoned; he summoned; she summoned; it summoned (ongoing habitual/background past),called; used to call,2,2
2021,labios,lip (masculine plural),lip (masculine plural),lips,6,6
2022,enviado,envoy; delegate; emissary,envoy; delegate; emissary,sent; envoy,6,6
2023,rayos,heck; goddammit; dang it,heck; goddammit; dang it,damn; heck,2,2
2024,déjeme,I leave,I leave,let me; excuse me,1,1
2025,debí,I owed (completed past),I owed (completed past),had to; owed,2,2
2027,considera,you consider,you consider,considers,1,1
2028,cerdo,dirty,dirty,pig,1,1
2032,argentina,Argentine; Argentinian (feminine singular),Argentine; Argentinian (feminine singular),Argentinian (feminine singular); Argentine,5,5
2037,bella,fair; beautiful (feminine singular),fair; beautiful (feminine singular),beautiful (feminine singular),6,6
2044,personaje,personage,personage,character,11,11
2050,contento,content,content,happy; pleased,1,1
2055,deber,to owe,to owe; should; ought to,to have to; should; duty,3,2|3
2058,pertenece,you belong,you belong,belongs,5,5
2061,tales,story,story,such; tales,1,1
2066,espada,stab; sword; slash and; which is designed to cut,stab; sword; slash and; which is designed to cut,sword,1,1
2069,charles,hi-hat,hi-hat,Charles,1,1
2070,cargos,charge; burden (masculine plural),charge; burden (masculine plural),positions; posts; charges,6,6
2077,fantasma,ghost; wraith; phantom,ghost; wraith; phantom,ghost; phantom,3,3
2078,fernando,fernet with Coca-Cola,fernet with Coca-Cola,Fernando,1,1
2081,leo,I read,I read,I read; Leo,1,1
2083,términos,end; terminus (masculine plural),end; terminus (masculine plural),terms,1,1
2094,regresa,you return,you return,returns; comes back,5,5
2095,movimientos,movement (masculine plural),movement (masculine plural),movements,6,6
2097,canal,flume; waterway,flume; waterway,channel; canal,1,1
2109,ciudadanos,living in a city (masculine plural),living in a city (masculine plural),citizens,6,6
2117,documentos,paper; document (masculine plural),paper; document (masculine plural),documents,6,6
2122,cuba,barrel,barrel,Cuba,1,1
2123,metido,nosy,nosy,put in; involved,1,1
2126,enemigos,adverse; hostile (masculine plural),adverse; hostile (masculine plural),enemies,6,6
2130,votos,vote (masculine plural),vote (masculine plural),votes,6,6
2131,fría,beer,beer,cold (feminine singular),5,5
2133,testigos,witness (masculine plural),witness (masculine plural),witnesses,6,6
2138,acuerdas,you agree,you agree,remember; agree,1,1
2143,explica,you explain,you explain,explains,5,5
2145,niñas,girl; female equivalent of niño (plural),girl; female equivalent of niño (plural),girls,2,2
2147,cámaras,room (plural),room (plural),cameras; chambers,1,1
2149,privada,cul-de-sac,cul-de-sac,private,1,1
2151,compra,buying; purchase,buying; purchase,purchase; shopping; buy,7,7
2153,mata,shrub,shrub,kills,1,1
2160,cientos,hundred (masculine plural),hundred (masculine plural),hundreds,6,6
2171,sienta,you seat,you seat,feels; sits,1,1
2172,tomé,I tooked (completed past),I tooked (completed past),I took; I drank,1,1
2189,operaciones,operation,operation,operations,6,6
2193,saca,bag; large sack,bag; large sack,takes out; pulls out,1,1
2198,notas,show-off (plural),notes; grades; you notice,notes; grades,8,1|7|8
2200,descansar,to rest,to rest,to rest; take a break,5,5
2202,cae,you fall,you fall,falls,5,5
2203,cura,cure (feminine singular),cure; priest,priest; cure,7,1|7
2204,actor,defendant,defendant,actor,1,1
2228,aspectos,aspect (masculine plural),aspect (masculine plural),aspects,6,6
2231,mensajes,message (plural),message (plural),messages,1,1
2235,conde,earl; count,earl; count,count,6,6
2239,llamé,I summoned (completed past),I summoned (completed past),I called,1,1
2243,motor,moving,moving,motor; engine,1,1
2244,valiente,brave; fearless; courageous,brave; fearless; courageous,brave,6,6
2245,características,typical; characteristic (feminine plural),typical; characteristic (feminine plural),characteristics,1,1
2262,aguas,be careful!,be careful!,waters; watch out!,1,1
2275,crea,you create,you create,creates,5,5
2277,dudas,doubt (plural),doubt (plural),doubts; you doubt,7,7
2280,amas,lady of the house (plural),lady of the house (plural),you love,8,8
2282,canciones,song,song,songs,6,6
2283,llamando,summoning,summoning,calling,2,2
2286,gustó,he tasted; she tasted; it tasted (completed past),liked; pleased,liked; was pleasing to,2,1|2
2287,finales,you pass on,you pass on,finals; endings,1,1
2288,precios,price (masculine plural),price (masculine plural),prices,6,6
2290,efectivo,real; true,real; true,cash; effective,1,1
2293,llámame,be called,be called,call me,1,1
2297,huesos,bone (masculine plural),bone (masculine plural),bones,6,6
2309,mínimo,minimal,minimum; minimal,minimum,6,2|6
2319,plantas,plant (plural),plant (plural),plants,7,7
2322,exposición,exposition,exposition,exhibition; exposure,8,8
2325,ofrece,you offer,you offer,offers,5,5
2331,elegido,chosenness; selectness,chosenness; selectness,chosen; elected,1,1
2334,tomas,taking; capture; conquest; takeover (plural),taking; capture; conquest; takeover (plural),you take,1,1
2342,campos,country; countryside (masculine plural),country; countryside (masculine plural),fields; countryside,7,7
2343,llevaron,they tooked (completed past),they tooked (completed past),they took (completed past),2,2
2344,pongo,orangutan,orangutan,I put,1,1
2350,coge,you take,you take,takes; grabs,5,5
2351,créeme,I believe,I believe,believe me,1,1
2356,guapo,arrowroot,arrowroot,handsome; good-looking,1,1
2365,chocolate,hashish,hashish,chocolate,1,1
2366,guapa,arrowroot (feminine singular),arrowroot (feminine singular),pretty; attractive,1,1
2370,personajes,personage (plural),personage (plural),characters,11,11
2372,aquellas,those over there,those over there,those,5,5
2374,olvidé,I forgeted (completed past),I forgeted (completed past),I forgot (completed past),2,2
2375,puestos,job; position; employment (masculine plural),job; position; employment (masculine plural),jobs; positions; posts,8,8
2382,ladrón,thievish,thievish,thief,1,1
2391,responde,you answer,you answer,answers; responds,5,5
2392,pierde,you lose,you lose,loses,5,5
2394,representa,you represent,you represent,represents,5,5
2396,doctora,doctor's wife,doctor's wife,doctor; female doctor,1,1
2403,vueltas,go-back (plural),go-back (plural),turns; laps,3,3
2407,término,end; terminus,end; terminus,term,1,1
2412,vehículo,vehicle,vehicle,vehicle; car,3,3
2413,disculpas,excuse (plural),excuse (plural),apologies; excuses,8,8
2427,levanta,you lift,you lift,lifts; raises,5,5
2430,móvil,mobile,mobile,mobile phone; mobile,1,1
2433,mama,mamma; breast,mamma; breast,mom; breast,1,1
2442,solas,one; sole; only; single (feminine plural),one; sole; only; single (feminine plural),alone; on their own (feminine plural),8,8
2448,mio,meow,meow,mine,1,1
2453,normas,rule; norm; standard; touchstone (plural),rule; norm; standard; touchstone (plural),rules; norms; standards,4,4
2455,seria,sober; solemn; serious; earnest (feminine singular),sober; solemn; serious; earnest (feminine singular),serious (feminine singular),3,3
2463,california,californium (feminine singular),californium (feminine singular),California,1,1
2464,generales,overall (plural),overall (plural),generals; general; overall,8,8
2480,rica,fenugreek,rich; tasty; lovely,rich; tasty,5,1|5
2482,lisa,mullet; white mullet,mullet; white mullet,smooth; plain; Lisa,1,1
2484,muchacha,young lady; female equivalent of muchacho: girl (feminine singular),young lady; female equivalent of muchacho: girl (feminine singular),girl; young woman,2,2
2500,anteriores,former; earlier; previous (plural),former; earlier; previous (plural),previous (plural),6,6
2507,libras,you save,you save,pounds,1,1
2511,escribe,you write,you write,writes,5,5
2521,limpia,cleaning; cleansing,cleaning; cleansing,clean,1,1
2524,señoras,sir; lord; mister,sir; lord; mister,ladies,1,1
2538,suponía,I supposed; he supposed; she supposed; it supposed (ongoing habitual/background past),I supposed; he supposed; she supposed; it supposed (ongoing habitual/background past),I supposed; was supposed to,1,1
2556,franco,franc,franc,frank; candid; Franco,1,1
2563,masa,dough,mass; dough,mass; dough; crowd,3,1|3
2577,pete,binky; pacifier,binky; pacifier,pacifier,4,4
2613,ira,ire; anger,ire; anger,anger; wrath,1,1
2623,compras,buying; purchase (plural),shopping; purchases,purchases; shopping; you buy,7,1|7
2637,celular,cellular,cellular,cell phone; mobile phone,2,2
2638,dirige,you direct,you direct,leads; directs,5,5
2640,juega,you play,you play,plays,5,5
2643,aplicación,rollout; deployment; implementation,rollout; deployment; implementation,application,1,1
2647,nerviosa,nerve (feminine singular),nerve (feminine singular),nervous,1,1
2660,siéntese,he seats; she seats; it seats,he seats; she seats; it seats,sit down,5,5
2663,molesto,vexed; annoyed,vexed; annoyed,annoying; bothered,1,1
2671,presupuesto,estimated,estimated,budget,1,1
2681,ocupada,pregnant (feminine singular),pregnant (feminine singular),busy; occupied,1,1
2683,cabrón,billy goat,billy goat,bastard; asshole; jerk,1,1
2684,duerme,you sleep,you sleep,sleeps,5,5
2695,poca,tad; bit,tad; bit,little; not much,8,8
2722,escucho,to i'm all ears awaiting an explanation,to i'm all ears awaiting an explanation,I listen; I hear,1,1
2723,puesta,clutch,clutch,set; put on; setting,1,1
2725,tenia,tapeworm,tapeworm,had,1,1
2750,hermanas,sister; female equivalent of hermano (plural),sister; female equivalent of hermano (plural),sisters,2,2
2761,whisky,cheese,cheese,whisky,1,1
2768,deberá,he will owe; she will owe; it will owe,he will owe; she will owe; it will owe,will have to; must,2,2
2778,menores,small; little (plural),small; little (plural),minors; younger,1,1
2780,asistente,attendee,attendee,assistant,1,1
2793,sorprende,you surprise,you surprise,surprises,5,5
2801,recibe,you receive,you receive,receives,5,5
2802,parada,station (feminine singular),station (feminine singular),stop,1,1
2807,olvida,you forget,you forget,forgets,5,5
2808,directa,high gear,high gear,direct,1,1
2815,ruego,plea; appeal,plea; request; I beg,plea; request,3,1|3
2823,quedas,quiet; still (feminine plural),quiet; still (feminine plural),you stay,1,1
2837,significado,significant,significant,meaning,1,1
2847,indica,you indicate,you indicate,indicates,5,5
2859,ja,ha; representation of laughter,ha; representation of laughter,ha; haha,3,3
2866,caras,dear (feminine plural),dear (feminine plural),faces; expensive (feminine plural),1,1
2875,corresponde,you correspond to,you correspond to,corresponds to,5,5
2885,cabe,you fit,you fit,fits,5,5
2889,dicha,luck,luck,said; bliss; happiness,1,1
2898,esperas,wait (plural),wait (plural),you wait; you hope,7,7
2921,marcas,brand (plural),brand (plural),brands; marks,7,7
2932,ramón,breadnut,breadnut,Ramón,1,1
2942,considerado,considerate,considerate,considered,1,1
2943,cobarde,craven; gutless; cowardly; spineless,craven; gutless; cowardly; spineless,cowardly; coward,3,3
2949,afirma,you state,you state,states; affirms,5,5
2976,viajes,voyage (plural),voyage (plural),trips; journeys,7,7
2987,bruja,witch; sorceress,witch; sorceress,witch,6,6
2991,habitual,beans,usual; habitual,usual; typical; habitual,5,1|5
2992,ciego,blind person,blind person,blind,1,1
3000,médica,doctor (feminine singular),doctor (feminine singular),doctor; female doctor,1,1
3004,muestras,sample; sampling (plural),sample; sampling (plural),samples; displays; you show,7,7
3011,ganador,winning,winning,winner,1,1
3019,gustas,you taste,you taste,you like; are pleasing to,2,2
3031,habitantes,inhabiting; said of something that inhabits (plural),inhabiting; said of something that inhabits (plural),inhabitants,1,1
3034,miras,target (plural),target (plural),looks; aims; intentions,1,1
3037,pretende,you intend,you intend,intends; claims,1,1
3041,respira,you breathe,you breathe,breathes,5,5
3043,llamamos,we summoned,we summoned,call; called,2,2
3058,petición,request,request,request; petition,3,3
3059,actualidad,present,present day; current times,present day; current affairs,7,1|7
3077,plena,a plain; plural plains,a plain; plural plains,full,1,1
3085,cheque,checkmark,checkmark,cheque; check,1,1
3090,conduce,you drive,you drive,drives,5,5
3092,jornada,day,day,workday; day; shift,7,7
3101,cometido,mission,mission,mistake; task; offense,1,1
3120,entrado,into; after the start of,into; after the start of,entered; gone in,1,1
3130,odia,you hate,you hate,hates,5,5
3147,recuperación,retrieval,retrieval,recovery,2,2
3150,mentiroso,having the qualities of a liar,having the qualities of a liar,liar,1,1
3157,pleno,plenary or joint session,plenary or joint session,full; plenary,1,1
3160,actriz,actor; actress,actor; actress,actress,8,8
3161,mires,resident (plural),resident (plural),look (subjunctive); watch,1,1
3169,césar,caesar,caesar,César,1,1
3170,pánico,pertaining to the god Pan,pertaining to the god Pan,panic,1,1
3184,hijas,daughter; female equivalent of hijo (plural),daughter; female equivalent of hijo (plural),daughters,2,2
3198,señala,you signal,you signal,points out; signals,5,5
3199,gustado,tasted,tasted,liked,1,1
3202,ventas,sale (plural),sale (plural),sales,7,7
3207,asqueroso,gross; repulsive; disgusting; distasteful,gross; repulsive; disgusting; distasteful,gross; disgusting,3,3
3210,aléjate,estrange you,estrange you,go away; get away,1,1
3221,echa,you throw,you throw,throws; puts,5,5
3227,quita,debt relief,debt relief,removes; takes away,1,1
3230,consiste,you consist of,you consist of,consists of,5,5
3231,global,aggregate,aggregate,global; overall,1,1
3234,llamarme,to be called,to be called,to call me,2,2
3237,visitas,visit (plural),visit (plural),visits; you visit,7,7
3251,coma,comma,comma,comma; coma,1,1
3252,individuo,indivisible,indivisible,individual; person,1,1
3269,comprado,buyed,buyed,bought,1,1
3276,bombas,having a mild temperature (feminine plural),having a mild temperature (feminine plural),bombs,1,1
3278,tareas,task (plural),task (plural),tasks; homework,7,7
3281,rumores,you rumor,you rumor,rumours,1,1
3286,cia,you back water,you back water,CIA,1,1
3299,miss,beauty queen,beauty queen,Miss,1,1
3307,maestra,master (feminine singular),teacher (feminine),teacher; schoolteacher,11,7|11
3313,santos,holy; godly (masculine plural),holy; godly (masculine plural),saints; holy,2,2
3325,bases,you base on,you base on,bases,1,1
3328,nuclear,to join up,to join up,nuclear,1,1
3329,medias,pantyhose (plural),pantyhose (plural),stockings; socks; averages,7,7
3330,gerente,manager,manager,manager; administrator,11,11
3342,cuida,you look after,you look after,looks after; cares for,5,5
3343,fantasmas,ghost; wraith; phantom (plural),ghost; wraith; phantom (plural),ghosts; phantoms,3,3
3352,utiliza,you use,you use,uses,5,5
3358,muera,cooking salt,cooking salt,die (subjunctive),1,1
3363,profesores,professor (plural),professor (plural),teachers; professors,11,11
3369,áfrica,African (feminine singular),African (feminine singular),Africa,1,1
3373,prometido,engaged,engaged,fiancé; promised,3,3
3389,suéltame,I release,I release,let me go,1,1
3394,canta,song; singing,song; singing,sings; sing,1,1
3399,peores,comparative degree of malo: worse (plural),comparative degree of malo: worse (plural),worse,2,2
3412,género,kind,kind,genre; gender; kind,1,1
3413,sufrido,painstaking,painstaking,suffered,1,1
3414,posiciones,position,position,positions,8,8
3425,cantante,singing; who sings,singing; who sings,singer,1,1
3430,zorra,slut; prostitute (feminine singular),slut; prostitute (feminine singular),fox; bitch; slut,5,5
3435,llamaste,you summoned (completed past),you summoned (completed past),called,2,2
3439,paro,stagnation; freeze up,stagnation; freeze up,strike; unemployment; stop,1,1
3443,manda,vow,vow,sends; orders; rules,1,1
3452,aguanta,that's crazy,that's crazy,hold on; endure,1,1
3455,policial,police force; Related to the police,police force; Related to the police,police; police-related,1,1
3458,desagradable,unpleasant; distasteful; off-putting; disagreeable,unpleasant; distasteful; off-putting; disagreeable,unpleasant; disagreeable,3,3
3459,asistencia,audience,audience,assistance; attendance,1,1
3467,vehículos,vehicle (masculine plural),vehicle (masculine plural),vehicles,3,3
3468,metas,goal; target (plural),goal; target (plural),goals; targets,1,1
3469,acepta,you accept,you accept,accepts,5,5
3472,abra,inlet; small bay,inlet; small bay,open (subjunctive),1,1
3484,jo,stop; whoa,stop; whoa,damn; wow,1,1
3490,bolas,bowling pin (feminine plural),bowling pin (feminine plural),balls,1,1
3507,mato,bushes,bushes,I kill,1,1
3508,hacienda,ranch,ranch,estate; farm; treasury,2,2
3519,afecta,prone; affected (feminine singular),prone; affected (feminine singular),affects,1,1
3520,eléctrica,electric company,electric company,electric; electrical,1,1
3522,emocionante,touching,touching,exciting,1,1
3523,vengas,you avenge,you avenge,come (subjunctive),1,1
3528,posee,you possess,you possess,possesses; has,5,5
3542,esposas,handcuffs (plural),handcuffs (plural),wives; handcuffs,1,1
3545,cumplido,polite,polite,fulfilled; compliment,1,1
3550,buscamos,we seeked,we seeked,we look for; we search for,1,1
3555,mate,matte,matte,kills; kill (subjunctive/formal imperative),7,7
3565,dígale,he says; she says; it says,he says; she says; it says,tell him/her; say to him/her,1,1
3566,factor,a truth; a trufax; an opinion considered a true fact,a truth; a trufax; an opinion considered a true fact,factor,1,1
3571,miro,portia tree,portia tree,I look,1,1
3573,dispara,you shoot,you shoot,shoots; shoot,1,1
3583,hagámoslo,I do,I do,let's do it,1,1
3588,ayudante,auxiliary,auxiliary,assistant; helper,1,1
3589,vegas,meadow (plural),plains; meadows,meadows; fertile plains,7,2|7
3590,adivina,seer; fortune-teller (feminine singular),seer; fortune-teller (feminine singular),guess,1,1
3591,ladrones,thievish,thievish,thieves,1,1
3592,ciudadano,living in a city,living in a city,citizen,8,8
3596,tetas,silly; immature; childishly foolish (feminine plural),silly; immature; childishly foolish (feminine plural),tits; breasts,1,1
3597,contesta,reply; answer,reply; answer,answers; answer,1,1
3610,asegura,you secure,you secure,assures; ensures,1,1
3623,amén,so be it),so be it),amen,1,1
3625,aprecio,appreciation,appreciation,appreciation; esteem; I appreciate,8,8
3626,criminales,you incriminate,you incriminate,criminals,1,1
3627,canto,singing,singing,song; singing; I sing,1,1
3634,jefes,parents (plural),parents (plural),bosses; chiefs,1,1
3640,guerrero,warlike; bellicose,warlike; bellicose,warrior,1,1
3641,sierra,saw,saw,mountain range; saw,1,1
3647,ayudas,aid; help (plural),aid; help (plural),help; aid; you help,7,7
3651,salvado,bran,bran,saved; bran,1,1
3663,discúlpeme,I excuse,I excuse,excuse me,1,1
3677,buscaba,I seeked; he seeked; she seeked; it seeked (ongoing habitual/background past),I seeked; he seeked; she seeked; it seeked (ongoing habitual/background past),was looking for,1,1
3685,ma,mum; mom,mum; mom,mom,1,1
3693,añadió,he augmented; she augmented; it augmented (completed past),he augmented; she augmented; it augmented (completed past),added,1,1
3701,tocado,off,off,touched; headdress,1,1
3706,citas,date (plural),date (plural),dates; appointments; citations,7,7
3720,buscas,search (plural),search (plural),you look for,1,1
3721,escolar,to go through a narrow place,to go through a narrow place,school; school-related,1,1
3726,adonde,whither; to where,whither; to where,where; to where,3,3
3732,sabia,learned (feminine singular),learned (feminine singular),wise (feminine singular); knew (without accent: sabía),1,1
3735,guau,woof; bow wow,woof; bow wow,wow; woof,5,5
3743,cuarta,synonym of disciplina,synonym of disciplina,fourth,2,2
3744,calla,you calm,you calm,shut up; be quiet,1,1
3755,pare,stop; an act of stopping,stop; an act of stopping,stop (formal imperative/subjunctive),1,1
3761,debiste,you owed (completed past),you owed (completed past),had to; owed,2,2
3762,apesta,you stink,you stink,stinks,1,1
3770,cuestiones,issue; matter; question,issue; matter; question,issues; matters; questions,3,3
3772,telefónica,telephonic; pertaining to telephones (feminine singular),telephonic; pertaining to telephones (feminine singular),telephone; phone-related (feminine singular),6,6
3773,berlín,donut,donut,Berlin,1,1
3788,olvidó,he forgeted; she forgeted; it forgeted (completed past),he forgeted; she forgeted; it forgeted (completed past),forgot,1,1
3815,portavoz,spokesman; spokeswoman; spokesperson,spokesman; spokeswoman; spokesperson,spokesperson,11,11
3816,vende,he bandages; she bandages; it bandages,he bandages; she bandages; it bandages,sells,1,1
3822,maestros,master (masculine plural),master (masculine plural),teachers; masters,7,7
3824,oficio,profession; occupation,profession; occupation,trade; job; profession,7,7
3832,implica,you imply,you imply,implies,5,5
3834,rocas,old (feminine plural),old (feminine plural),rocks,1,1
3839,empresarios,businessman (masculine plural),businessman (masculine plural),businessmen; entrepreneurs,11,11
3844,agenda,planner,planner,diary; planner; agenda,2,2
3847,norma,rule; norm; standard; touchstone,rule; norm; standard; touchstone,rule; norm; standard,4,4
3848,pinta,look; appearance,look; appearance,look; appearance; paints,1,1
3852,cortes,cut (plural),cut (plural),courts; cuts,7,7
3859,parejas,level (feminine plural),level (feminine plural),couples; pairs,1,1
3861,valencia,valency; valence,valency; valence,Valencia,1,1
3874,bebidas,drunk (feminine plural),drunk (feminine plural),drinks; beverages,1,1
3876,mexicano,compare mexiquense),compare mexiquense),Mexican,1,1
3883,buscado,seeked,searched for,sought; searched for,5,1|5
3905,peligrosa,perilous; dangerous (feminine singular),perilous; dangerous (feminine singular),dangerous (feminine singular),3,3
3931,diana,bullseye,bullseye,target; bullseye,4,4
3935,pausa,rest; break; pause,pause,pause; break,5,1|5
3939,solicitud,request; solicitation,request; solicitation,request; application,3,3
3950,recurso,writ,writ,resource,1,1
3952,tasa,rate,rate,rate; fee,7,7
3958,llamaron,they summoned (completed past),they summoned (completed past),called,2,2
3968,penal,a kind of prison,a kind of prison,criminal; penal,1,1
3971,tiendas,tent (plural),tent (plural),shops,1,1
3980,retiro,retirement,retirement,retirement; retreat,1,1
4000,chef,head cook,head cook,chef,7,7
4001,dispuesta,game; down; ready; willing (feminine singular),game; down; ready; willing (feminine singular),willing; ready,1,1
4006,discos,club; discotheque (masculine plural),club; discotheque (masculine plural),discs; records,3,3
4013,bolsas,dickweed; shithead; dickhead (plural),dickweed; shithead; dickhead (plural),bags,1,1
4016,cuéntame,I count,I count,tell me,1,1
4018,considerando,recital,recital,considering,1,1
4040,dispositivo,regulatory; dispositive,regulatory; dispositive,device,1,1
4046,rango,rank,rank,rank; range,7,7
4048,comando,commando,commando,command unit; commando,7,7
4062,horario,hourly,hourly,schedule,1,1
4065,disparado,shooted,shooted,shot; fired,1,1
4071,marta,marten,marten,Marta,1,1
4073,rosas,hairless (plural),hairless (plural),roses; pink (feminine plural),4,4
4083,resuelto,determined,determined,resolved; settled,1,1
4086,profesora,professor,professor,teacher; professor,11,11
4106,repito,I repeat ),I repeat ),I repeat,1,1
4116,anual,yearly; annual,annual,yearly; annual,7,6|7
4126,vendido,sellout,sellout,sold,1,1
4145,cojones,fuck!; shit!; damn!; damn it!,fuck!; shit!; damn!; damn it!,balls; guts; fucking hell,1,1
4158,sida,acquired immune deficiency syndrome,acquired immune deficiency syndrome,AIDS,2,2
4159,tirado,easy-peasy,easy-peasy,thrown; lying around,1,1
4200,apuestas,handsome; good-looking (feminine plural),handsome; good-looking (feminine plural),bets,1,1
4201,directora,head,head,director; manager,2,2
4211,grasa,nutritional fat,nutritional fat,fat; grease,1,1
4214,as,an ace,an ace,ace; as,1,1
4237,luce,you shine,you shine,shines; looks,1,1
4248,importe,cost; price,cost; price,amount,1,1
4253,man,guy; dude,guy; dude,man,1,1
4299,repetir,to repeat ),to repeat ),to repeat,4,4
4301,llamarte,to be called,to be called,to call you,2,2
4372,tomaron,they tooked (completed past),they took (completed past),they took; they drank,5,2|5
4420,tomaste,you tooked (completed past),you took (completed past),you took; you drank,5,2|5
4446,llevé,I tooked (completed past),I took (completed past),I took; I carried,5,2|5
4461,rival,adverse,adverse,rival; opponent,8,8
4471,copas,glass; stemmed glass; goblet or its content (plural),glass; stemmed glass; goblet or its content (plural),glasses; cups,3,3
4493,argentino,Argentine; Argentinian,Argentine; Argentinian,Argentinian; Argentine,5,5
4500,llamarlo,to summon it (masculine),to summon it (masculine),to call it (masculine),2,2
4518,deberán,they will owe,they will owe,will have to,2,2
4598,accidentes,accident (plural),accident (plural),accidents,3,3
4620,descansa,you rest,you rest,rest; take a break; get some sleep,5,5
4659,mínima,minimal (feminine singular),minimal (feminine singular),minimum; minimal (feminine singular),6,6
4667,debían,they owed (ongoing habitual/background past),they owed (ongoing habitual/background past),had to; were supposed to,2,2
4684,avanzar,to advance happen at an earlier time or date),to advance happen at an earlier time or date),to advance; to move forward,4,4
4719,llamados,call (masculine plural),call (masculine plural),called; named,2,2
4727,cargar,to load ),to load ),to load; to carry,4,4
4731,redacción,essay; composition,essay; composition,writing; essay; editorial office,8,8
4808,cogió,he tooked; she tooked; it tooked (completed past),he took; she took; it took (completed past),took; grabbed,5,2|5
4816,deberes,to owe (plural),to owe (plural),homework; duties,2,2
4868,gustar,to taste,to taste,to like; to be pleasing,2,2
4899,nelson,synonym of nel,synonym of nel,Nelson,3,3
4925,parientes,relative; relation (plural),relative; relation (plural),relatives,8,8
4933,empresario,businessman,businessman,businessman; entrepreneur,11,11
4935,brujas,witch; sorceress (plural),witch; sorceress (plural),witches,6,6
4944,antiguas,old; former; quondam; erstwhile (feminine plural),old; ancient; former,old; ancient,5,2|5
4950,escritores,writer (plural),writer (plural),writers,2,2
4952,canales,flume; waterway (plural),flume; waterway (plural),channels,6,6
4973,mexicana,compare mexiquense) (feminine singular),compare mexiquense) (feminine singular),Mexican (feminine singular),3,3
5083,privadas,privy; private (feminine plural),privy; private (feminine plural),private (feminine plural),2,2
5121,privados,privy; private (masculine plural),privy; private (masculine plural),private (masculine plural),2,2
5169,mexicanos,compare mexiquense) (masculine plural),compare mexiquense) (masculine plural),Mexican (masculine plural),3,3
5198,vientos,synonym of bien,synonym of bien,winds,3,3
5272,llevaban,they tooked (ongoing habitual/background past),they tooked (ongoing habitual/background past),they took (ongoing habitual/background past),2,2
5315,gustará,he will taste; she will taste; it will taste,he will taste; she will taste; it will taste,will like; will be pleasing to,2,2
5385,sobrina,female equivalent of sobrino: niece (feminine singular),female equivalent of sobrino: niece (feminine singular),niece,2,2
5630,olvidaste,you forgeted (completed past),you forgeted (completed past),you forgot (completed past),2,2
5810,llamaban,they summoned (ongoing habitual/background past),they summoned (ongoing habitual/background past),called; used to call,2,2
5899,tomaba,I tooked; he tooked; she tooked; it tooked (ongoing habitual/background past),I tooked; he tooked; she tooked; it tooked (ongoing habitual/background past),I took; he took; she took; it took (ongoing habitual/background past),2,2
6006,concejal,councilor; councilman; member of a council,councilor; councilman; member of a council,councilor,11,11
6120,llamarla,to summon it (feminine),to summon it (feminine),to call her/it,2,2
6134,pegó,he sticked; she sticked; it sticked (completed past),he sticked; she sticked; it sticked (completed past),he hit; she hit; it hit; he stuck; she stuck; it stuck (completed past),10,10
6154,dueña,female equivalent of dueño: owner (feminine singular),female equivalent of dueño: owner (feminine singular),owner (feminine singular),2,2
6173,pega,Eurasian magpie,Eurasian magpie,drawback; catch,4,4
6176,cogí,I tooked (completed past),I tooked (completed past),I took (completed past),2,2
6273,llamaría,I would summon,I would summon,would call,2,2
6331,muchachas,young lady; female equivalent of muchacho: girl (plural),young lady; female equivalent of muchacho: girl (plural),girls; young women,2,2
6414,debieron,they owed (completed past),they owed (completed past),had to,2,2
6443,cayeron,they felled (completed past),they felled (completed past),they fell (completed past),2,2
6528,buscó,he seeked; she seeked; it seeked (completed past),he seeked; she seeked; it seeked (completed past),he looked for; she looked for; it looked for (completed past),2,2
6668,agrega,you add,you add,adds,2,2
6860,agustín,synonym of a gusto,synonym of a gusto,Agustín,3,3
6973,descarga,unloading,unloading,download; unloading,2,2
6992,llevaste,you tooked (completed past),you tooked (completed past),you took (completed past),2,2
6996,cabrones,billy goat,billy goat,bastards; assholes,2,2
7065,andas,a bier or small platform (plural),a bier or small platform (plural),you walk; you're going,4,4
7104,ingenieros,engineer (masculine plural),engineer (masculine plural),engineers,11,11
7150,deportiva,synonym of zapatilla de deporte,synonym of zapatilla de deporte,sports; athletic (feminine singular),3,3
7202,gustaban,they tasted (ongoing habitual/background past),they tasted (ongoing habitual/background past),liked; used to like; were pleasing to,2,2
7224,debías,you owed (ongoing habitual/background past),you owed (ongoing habitual/background past),had to; were supposed to,2,2
7269,llamará,he will summon; she will summon; it will summon,he will summon; she will summon; it will summon,will call,2,2
7274,caía,I felled; he felled; she felled; it felled (ongoing habitual/background past),I felled; he felled; she felled; it felled (ongoing habitual/background past),I fell; he fell; she fell; it fell (ongoing habitual/background past),2,2
7357,mueras,cooking salt (plural),cooking salt (plural),you die; he dies; she dies; it dies (present subjunctive),4,4
7415,quienquiera,whoever; whomever,whoever; whomever,whoever; anyone who,3,3
7484,compramos,we buyed,we buyed,we bought,2,2
7600,llamaremos,we will summon,we will summon,will call,2,2
7622,gustos,taste (masculine plural),taste (masculine plural),tastes; preferences,2,2
7704,jornadas,day (plural),day (plural),days; workdays,10,10
7769,cargando,loading ),loading ),loading; carrying,4,4
7839,niñita,girl; female equivalent of niño,girl; female equivalent of niño,little girl,2,2
7890,debíamos,we owed (ongoing habitual/background past),we owed (ongoing habitual/background past),had to,2,2
7949,chi,synonym of sí,synonym of sí,yes,3,3
7998,vendedores,salesman (plural),salesman (plural),salesmen; sellers; vendors (masculine plural),10,10
8086,tenias,tapeworm (plural),tapeworm (plural),you had (ongoing habitual/background past),3,3
8101,debéis,you owe (vosotros present indicative),you owe (vosotros present indicative),you must; you should,2,2
8110,congresista,congressperson,congressperson,member of congress; congressperson,11,11
8123,denominado,named; called; entitled; denominated,named; called; entitled; denominated,named; called,4,4
8529,llamarle,to summon to him or her,to summon to him or her,to call him/her,2,2
8547,pintores,painter (plural),painter (plural),painters,11,11
8717,atletas,athlete (plural),athlete (plural),athletes,11,11
9159,olvidaba,I forgeted; he forgeted; she forgeted; it forgeted (ongoing habitual/background past),I forgeted; he forgeted; she forgeted; it forgeted (ongoing habitual/background past),I forgot; he forgot; she forgot; it forgot (ongoing habitual/background past),2,2
9350,convocado,called,called,summoned; called together,4,4
9406,buscaban,they seeked (ongoing habitual/background past),they seeked (ongoing habitual/background past),they looked for (ongoing habitual/background past),2,2
9418,abuelita,grandmother; female equivalent of abuelo,grandmother; female equivalent of abuelo,grandma; grandmother,2,2
9511,llámalo,summon it (masculine),summon it (masculine),call him/it,2,2
9753,placeres,to like (plural),to like (plural),pleasures,2,2
9874,deberás,you will owe,you will owe,you will have to,2,2
9895,olvidamos,we forgeted,we forgeted,we forgot,2,2
10148,denominada,named; called; entitled; denominated (feminine singular),named; called; entitled; denominated (feminine singular),named; called (feminine singular),4,4
10495,bocas,synonym of bocazas (plural),synonym of bocazas (plural),mouths,3,3
10546,pos,synonym of pues,synonym of pues,well; so,2,2
10630,concejales,councilor; councilman; member of a council (plural),councilor; councilman; member of a council (plural),councilors,11,11
10654,ademas,synonym of ademe (plural),synonym of ademe (plural),also; besides,3,3
10685,cogiste,you tooked (completed past),you tooked (completed past),you took (completed past),2,2
10690,acabada,cum; spunk; spooge; cumshot,cum; spunk; spooge; cumshot,finished; done for; exhausted (feminine singular),10,10
10692,repita,he repeats ); she repeats ); it repeats ),he repeats ); she repeats ); it repeats ),I repeat; you repeat; he repeats; she repeats; it repeats; you repeat (formal) (present subjunctive),4,4
10727,debida,owed (feminine singular),owed (feminine singular),due; owed (feminine singular),2,2
11021,defendido,defendant,defendant,defended,11,11
11126,extremidades,end; extremity ) (plural),end; extremity ) (plural),extremities; limbs,4,4
11161,repetirlo,to repeat ) it (masculine),to repeat ) it (masculine),to repeat it (masculine),4,4
11230,amazonas,horsewoman (plural),horsewoman (plural),Amazons; female warriors; female riders (plural),10,10
11405,ratos,bit; a while (masculine plural),bit; a while (masculine plural),whiles; little whiles,4,4
11529,deportistas,sportsperson (plural),athletes; sportspeople (plural),athletes; sportspersons,11,10|11
11801,guapas,arrowroot (feminine plural),arrowroot (feminine plural),pretty; attractive (feminine plural),3,3
11867,llevabas,you tooked (ongoing habitual/background past),you tooked (ongoing habitual/background past),you took (ongoing habitual/background past),2,2
11957,repetía,I repeated ); he repeated ); she repeated ); it repeated ) (ongoing habitual/background past),I repeated ); he repeated ); she repeated ); it repeated ) (ongoing habitual/background past),I repeated; he repeated; she repeated; it repeated (ongoing habitual/background past),4,4
12271,cogieron,they tooked (completed past),they tooked (completed past),they took (completed past),2,2
12310,guapos,arrowroot (masculine plural),arrowroot (masculine plural),handsome; good-looking (masculine plural),3,3
12316,deportista,sportsperson,sportsperson,athlete; sportsperson,11,11
12460,gustarle,to taste to him or her,to taste to him or her,to be pleasing to him/her,2,2
12621,olvidaron,they forgeted (completed past),they forgeted (completed past),they forgot (completed past),2,2
12674,ratito,bit; a while,bit; a while,little while; moment,4,4
12869,buscabas,you seeked (ongoing habitual/background past),you seeked (ongoing habitual/background past),you looked for (ongoing habitual/background past),2,2
12877,gobernadores,governor (plural),governor (plural),governors,11,11
12998,bikini,ham and cheese sandwich,ham and cheese sandwich,bikini,3,3
13201,gustaron,they tasted (completed past),they tasted (completed past),liked; were pleasing to,2,2
13258,convocó,he called; she called; it called (completed past),he called; she called; it called (completed past),he summoned; she summoned; it summoned (completed past),4,4
13418,buscaron,they seeked (completed past),they seeked (completed past),they looked for (completed past),2,2
13521,vocero,spokesman,spokesman,spokesperson,11,11
13709,llamarlos,to summon them (masculine),to summon them (masculine),to call them,2,2
13812,pegas,Eurasian magpie (plural),Eurasian magpie (plural),drawbacks; catches,4,4
13885,llevábamos,we tooked (ongoing habitual/background past),we tooked (ongoing habitual/background past),we took (ongoing habitual/background past),2,2
13940,deberemos,we will owe,we will owe,we will have to,2,2
13996,llamarás,you will summon,you will summon,you will call,2,2
14096,gustarme,to taste me,to taste me,to be pleasing to me,2,2
14344,caían,they felled (ongoing habitual/background past),they felled (ongoing habitual/background past),they fell (ongoing habitual/background past),2,2
14400,josefina,female equivalent of josefino (feminine singular),female equivalent of josefino (feminine singular),Josefina,3,3
14615,llámala,summon it (feminine),summon it (feminine),call her/it,2,2
14710,tomaban,they tooked (ongoing habitual/background past),they tooked (ongoing habitual/background past),they took (ongoing habitual/background past),2,2
14878,tiradores,shooter; rifleman (plural),shooter; rifleman (plural),shooters; marksmen (plural),10,10
15183,cargó,he loaded ); she loaded ); it loaded ) (completed past),he loaded ); she loaded ); it loaded ) (completed past),he loaded; she loaded; it loaded (completed past),4,4
15224,congresistas,congressperson (plural),congressperson (plural),members of congress; legislators (plural),10,10
15276,llamarán,they will summon,they will summon,they will call,2,2
15303,mexicanas,compare mexiquense) (feminine plural),compare mexiquense) (feminine plural),Mexican (feminine plural),3,3
15349,gustarte,to taste you,to taste you,to be pleasing to you,2,2
15527,llamabas,you summoned (ongoing habitual/background past),you summoned (ongoing habitual/background past),you called (ongoing habitual/background past),2,2
15569,montesinos,mountain-; synonym of montés (masculine plural),mountain-; synonym of montés (masculine plural),Montesinos,3,3
15730,buscaste,you seeked (completed past),you seeked (completed past),you looked for (completed past),2,2
15787,portavoces,spokesman; spokeswoman; spokesperson (plural),spokespeople; spokespersons (plural),spokespeople; spokespersons,11,10|11
16124,purgatorio,synonym of purgativo,synonym of purgativo,purgatory,3,3
16384,deberé,I will owe,I will owe,I will have to,2,2
16480,demandado,defendant,defendant,defendant; sued,11,11
16495,repetirse,to repeat ),to repeat ),to repeat oneself; to recur,4,4
17068,llamábamos,we summoned (ongoing habitual/background past),we summoned (ongoing habitual/background past),we called (ongoing habitual/background past),2,2
17094,llamarías,you would summon,you would summon,you would call,2,2
17332,denominados,named; called; entitled; denominated (masculine plural),named; called; entitled; denominated (masculine plural),named; called (masculine plural),4,4
17375,disparamos,we shooted,we shooted,we shot,2,2
17457,reo,defendant,defendant,defendant; convict,11,11
17722,llamarnos,to be called,to be called,to call us,2,2
17831,buscábamos,we seeked (ongoing habitual/background past),we seeked (ongoing habitual/background past),we looked for (ongoing habitual/background past),2,2
17862,gustando,tasting,tasting,liking; being pleasing,2,2
17998,burrito,Aloysia polystachya,Aloysia polystachya,burrito; little donkey,2,2
18183,cogía,I tooked; he tooked; she tooked; it tooked (ongoing habitual/background past),I tooked; he tooked; she tooked; it tooked (ongoing habitual/background past),I took; he took; she took; it took (ongoing habitual/background past),2,2
18391,llamame,I summon,I summon,call me,2,2
18458,gustabas,you tasted (ongoing habitual/background past),you tasted (ongoing habitual/background past),you liked; used to like; were pleasing to,2,2
18479,condicionado,synonym of acondicionado,synonym of acondicionado,conditioned,3,3
18581,pedófilo,pedophilic who is sexually attracted to children ),pedophilic who is sexually attracted to children ),pedophile; pedophilic,4,4
19004,santísima,holy; godly (feminine singular),holy; godly (feminine singular),most holy,2,2
19050,taxistas,taxi driver (plural),taxi driver (plural),taxi drivers,11,11
19128,debidas,owed (feminine plural),owed (feminine plural),due; owed (feminine plural),2,2
19357,santas,holy; godly (feminine plural),holy; godly (feminine plural),saints; holy,2,2
19379,manitas,handyman (plural),handyman (plural),handymen; handy people (plural),10,10
19568,cumples,birthday (plural),birthday (plural),birthdays,10,10
19706,abuelas,grandmother; female equivalent of abuelo (plural),grandmother; female equivalent of abuelo (plural),grandmothers,3,3
19890,cargan,they load ),they load ),they load; they carry,4,4
20056,palabrotas,swear; swear word; offensive word (plural),swear; swear word; offensive word (plural),swear words; curse words (plural),10,10
20130,condicionada,synonym of acondicionado (feminine singular),synonym of acondicionado (feminine singular),conditioned (feminine singular),3,3
20168,llamáis,you summon (vosotros present indicative),you summon (vosotros present indicative),you call (vosotros present indicative),2,2
20755,repetimos,we repeated ),we repeated ),we repeat; we repeated,4,4
20832,denominadas,named; called; entitled; denominated (feminine plural),named; called; entitled; denominated (feminine plural),named; called (feminine plural),4,4
20892,facto,a truth; a trufax; an opinion considered a true fact,a truth; a trufax; an opinion considered a true fact,in fact; by the fact,2,2
21085,descargando,unloading,unloading,downloading; unloading,2,2
21121,gestores,manager; overseer (plural),manager; overseer (plural),managers; administrators,11,11
21144,tipa,chick; woman; broad; female equivalent of tipo: broad (feminine singular),chick; woman; broad; female equivalent of tipo: broad (feminine singular),girl; woman,3,3
21203,voceros,spokesman (masculine plural),spokesman (masculine plural),spokespeople; spokespersons,11,11
21544,gestor,manager; overseer,manager; overseer,manager; administrator,11,11
21625,extremidad,end; extremity ),end; extremity ),extremity; limb,4,4
21626,gerentes,manager (plural),manager (plural),managers,11,11
21740,llamarían,they would summon,they would summon,they would call,2,2
21934,boxear,to box in a boxing match),to box in a boxing match),to box,4,4
22049,repetirá,he will repeat ); she will repeat ); it will repeat ),he will repeat ); she will repeat ); it will repeat ),he will repeat; she will repeat; it will repeat,4,4
22146,reos,defendant (masculine plural),defendant (masculine plural),defendants; convicts,11,11
22234,llámale,summon to him or her,summon to him or her,call him/her,2,2
22632,cargarlo,to load ) it (masculine),to load ) it (masculine),to load it (masculine); to carry it (masculine),4,4
22881,dueñas,female equivalent of dueño: owner (plural),female equivalent of dueño: owner (plural),owners (feminine plural),3,3
22927,llámalos,summon them (masculine),summon them (masculine),call them,2,2
23085,maquinista,engineer; train driver; engine driver,engineer; train driver; engine driver,machinist; train driver,11,11
23170,cargaba,I loaded ); he loaded ); she loaded ); it loaded ) (ongoing habitual/background past),I loaded ); he loaded ); she loaded ); it loaded ) (ongoing habitual/background past),I loaded; he loaded; she loaded; it loaded (ongoing habitual/background past),4,4
23443,defendida,defendant (feminine singular),defendant (feminine singular),defended (feminine singular),11,11
23495,gendarmes,policeperson (plural),gendarmes; police officers (plural),gendarmes; police officers,11,10|11
23537,repetiré,I will repeat ),I will repeat ),I will repeat,4,4
23652,mejicano,compare mexiquense),compare mexiquense),Mexican,3,3
23675,llámelo,he summons; she summons; it summons,he summons; she summons; it summons,call him/it (formal imperative/subjunctive),2,2
23980,llámanos,be called,be called,call us,4,4
24180,conjura,synonym of conjuración,synonym of conjuración,plot; conspiracy,3,3
24321,crucigramas,crossword (plural),crossword (plural),crosswords,10,10
24513,beses,around 219.3 grams) (plural),around 219.3 grams) (plural),you kiss; he kisses; she kisses; it kisses (present subjunctive),4,4
24877,contraseñas,password (plural),password (plural),passwords,10,10
25113,papaya,see image),see image),papaya,4,4
25252,mamas,mamma; breast (plural),mamma; breast (plural),moms; breasts,4,4
25290,cargamos,we loaded ),we loaded ),we load; we carry; we loaded; we carried,4,4
25526,catedráticos,professor (masculine plural),professor (masculine plural),professors; academics,11,11
25754,mejicanos,compare mexiquense) (masculine plural),compare mexiquense) (masculine plural),Mexican (masculine plural),3,3
26007,blanqueo,synonym of blanqueamiento,synonym of blanqueamiento,money laundering; whitening,2,2
26021,llamarles,to summon to them,to summon to them,to call them,2,2
26080,cargarse,to load ),to load ),to load up; to take on,4,4
26105,cargaron,they loaded ) (completed past),they loaded ) (completed past),they loaded; they carried (completed past),4,4
26145,amazona,horsewoman,horsewoman,Amazon; female warrior; female rider,10,10
26257,concejala,councilor; councilman; member of a council,councilor; councilman; member of a council,councilor,11,11
26530,tomábamos,we tooked (ongoing habitual/background past),we tooked (ongoing habitual/background past),we took (ongoing habitual/background past),2,2
26674,instructores,teacher (plural),teacher (plural),instructors; teachers,11,11
26893,incrustado,inlayed,inlayed,embedded; encrusted; inlaid,10,10
27460,llamase,I summoned,I summoned,I called,2,2
27508,caucásico,Caucasian ),Caucasian ),Caucasian,4,4
27526,tigresa,female equivalent of tigre: tigress,female equivalent of tigre: tigress,tigress,3,3
27912,roa,synonym of roda,synonym of roda,Roa,3,3
28198,burra,she-ass; jenny-ass; female equivalent of burro: jenny (feminine singular),she-ass; jenny-ass; female equivalent of burro: jenny (feminine singular),female donkey,3,3
28213,mesonero,hotel owner or manager,hotel owner or manager,waiter; innkeeper,11,11
28457,apodado,called someone names,called someone names,nicknamed,4,4
28509,poetisa,poetess; female poet; female equivalent of poeta,poetess; female poet; female equivalent of poeta,poet,3,3
28622,baleado,shooted,shooted,shot,2,2
29184,mejicana,compare mexiquense) (feminine singular),compare mexiquense) (feminine singular),Mexican (feminine singular),3,3
29279,videntes,seeing person (plural),seeing person (plural),seers; psychics (plural),10,10
29550,cargaré,I will load ),I will load ),I will load; I will carry,4,4
29619,repetí,I repeated ) (completed past),I repeated ) (completed past),I repeated (completed past),4,4
29747,santísimo,holy; godly,holy; godly,most holy,2,2
29871,tomabas,you tooked (ongoing habitual/background past),you tooked (ongoing habitual/background past),you took (ongoing habitual/background past),2,2
29939,sobrinas,female equivalent of sobrino: niece (plural),female equivalent of sobrino: niece (plural),nieces,3,3
29971,repetían,they repeated ) (ongoing habitual/background past),they repeated ) (ongoing habitual/background past),they repeated (ongoing habitual/background past),4,4
30159,neoyorquina,female equivalent of neoyorquino (feminine singular),female equivalent of neoyorquino (feminine singular),New Yorker (feminine singular),3,3
30368,convocaron,they called (completed past),they called (completed past),they summoned; they called together (completed past),4,4
30413,condicionados,synonym of acondicionado (masculine plural),synonym of acondicionado (masculine plural),conditioned (masculine plural),3,3
30499,perceptiva,perceptive (having perception (feminine singular),perceptive (having perception (feminine singular),perceptive (feminine singular),4,4
30555,ramones,breadnut,breadnut,Ramones,3,3
30945,empresaria,businessman (feminine singular),businessman (feminine singular),businesswoman; entrepreneur,11,11
31028,filipina,female equivalent of filipino (feminine singular),female equivalent of filipino (feminine singular),Filipina,3,3
31063,cargarla,to load ) it (feminine),to load ) it (feminine),to load it (feminine); to carry it (feminine),4,4
31334,demandada,defendant (feminine singular),defendant (feminine singular),defendant; sued (feminine singular),11,11
31611,profesoras,professor (plural),professor (plural),teachers; professors,11,11
31782,urraca,magpie (also called,magpie (also called,magpie,4,4
31827,cargarte,to load ) you,to load ) you,to load you; to carry you,4,4
32278,encierre,synonym of encierro,synonym of encierro,lock up (subjunctive/formal imperative),3,3
32341,repetirme,to repeat ) me,to repeat ) me,to repeat to me,4,4
32793,cargarme,to load ) me,to load ) me,to load me; to burden me,4,4
32807,gendarme,policeperson,policeperson,gendarme; police officer,11,11
33415,calatrava,female equivalent of calatravo (feminine singular),female equivalent of calatravo (feminine singular),Calatrava,3,3
33436,llamarlas,to summon them (feminine),to summon them (feminine),to call them (feminine),2,2
33972,cargaste,you loaded ) (completed past),you loaded ) (completed past),you loaded; you carried (completed past),4,4
33983,encarecimiento,increase in price or cost,increase in price or cost,rise in price; price increase,2,2
34073,aquilino,synonym of aguileño,synonym of aguileño,Aquilino,3,3
34106,miguelito,synonym of mí,synonym of mí,Miguelito,3,3
34163,pinchada,synonym of pinchazo,synonym of pinchazo,puncture; jab,3,3
